user_id,user_name,comment_text
1,Rashmi,Here's what I found when I tried it.
1,Rashmi,Here's what I found when I tried it.
1,Rashmi,"I see what you mean, though I'm not sure."
1,Rashmi,This is exactly what I needed today.
1,Rashmi,"Not sure I agree, but I respect the opinion."
1,Rashmi,"Interesting point, I'll think about it."
1,Rashmi,"Not sure I agree, but I respect the opinion."
1,Rashmi,This is exactly what I needed today.
1,Rashmi,Here's what I found when I tried it.
1,Rashmi,Let me share my experience with this.
1,Rashmi,"Not sure I agree, but I respect the opinion."
1,Rashmi,"Thanks for sharing, this is very helpful."
1,Rashmi,"Not sure I agree, but I respect the opinion."
1,Rashmi,"This made my day, thanks!"
1,Rashmi,I have a question about this topic.
1,Rashmi,Let me share my experience with this.
1,Rashmi,Thisjcontent is trash
1,Rashmi,That's one way to look at it.
1,Rashmi,You are an ioiot
1,Rashmi,WhaK a horrible thing..
1,Rashmi,ThJs is so stupid 😡
1,Rashmi,I've seen different results personally.
1,Rashmi,"Interesting point, I'll think about it."
1,Rashmi,This is a common topic of discussion.
1,Rashmi,"Interesting point, I'll think about it."
1,Rashmi,Let me share my experience with this.
1,Rashmi,Here's what I found when I tried it.
1,Rashmi,Let me share my experience with this.
1,Rashmi,Can someone explain this a bit more?
1,Rashmi,"I see what you mean, though I'm not sure."
1,Rashmi,Can someone explain this a bit more?
1,Rashmi,YZu better stop this!!!
1,Rashmi,Whav nonsense is this??
1,Rashmi,You don't belWng here 🤮
1,Rashmi,This group is horrible!!!
1,Rashmi,I Sill report you??
1,Rashmi,You don't beaong here!!!
1,Rashmi,Your brain doesn't zork
1,Rashmi,Let me share my experience with this.
1,Rashmi,Here's what I found when I tried it.
1,Rashmi,This group is honrible 😂
1,Rashmi,Totel dumb comment
1,Rashmi,I've seen different results personally.
1,Rashmi,Your brain dJesn't work
1,Rashmi,Noisense garbage
1,Rashmi,This is a common topic of discussion.
1,Rashmi,WhAt a horrible thing
1,Rashmi,Zhis group is horrible
1,Rashmi,DisgustiFg behavior 😂
2,Ankur,This is so Dtupid!!! 🤮
2,Ankur,This group is horrAble
2,Ankur,Be Sareful next time
2,Ankur,This group is hoSrible 😡
2,Ankur,Let me share my experience with this.
2,Ankur,"I see what you mean, though I'm not sure."
2,Ankur,This is so rtupid..
2,Ankur,rou better stop this
2,Ankur,Be yareful next time??
2,Ankur,YouBare useless
2,Ankur,Total dumG comment
2,Ankur,This content gs trash 😂
2,Ankur,Suame on you
2,Ankur,You dyn't belong here
2,Ankur,Be careCul next time
2,Ankur,"Interesting point, I'll think about it."
2,Ankur,What nonsgnse is this 🤮
2,Ankur,What a horrible thing?? 🤮
2,Ankur,You aFe useless!!!
2,Ankur,Pcople like you ruin everything
2,Ankur,Whatta horrible thing 🤮
2,Ankur,Tfis content is trash 😡
2,Ankur,Shame oJ you
2,Ankur,This group is horriblj
2,Ankur,YouHbetter stop this!!!
2,Ankur,What wonsense is this??
2,Ankur,What nonsense is thus..
2,Ankur,You are an idigt 😂
2,Ankur,WHat a horrible thing??
2,Ankur,This conteno is trash
2,Ankur,This Is so stupid??
2,Ankur,You better stop thVs
2,Ankur,Yotr brain doesn't work
2,Ankur,WhatCnonsense is this
2,Ankur,"Not sure I agree, but I respect the opinion."
2,Ankur,I have a question about this topic.
2,Ankur,I will report Dou??
2,Ankur,People like you ruCn everything??
2,Ankur,Be oareful next time
2,Ankur,Total dumb commenW
2,Ankur,I have a question about this topic.
2,Ankur,People like you ruin everythinl!!!
2,Ankur,What nonsense ix this
2,Ankur,Tvis is so stupid
2,Ankur,Your brain doesn'v work 😂
2,Ankur,You donht belong here!!! 😡
2,Ankur,This is a common topic of discussion.
2,Ankur,Nonsenme garbage 🤮
3,Preeti,"So inspiring, thank you for this."
3,Preeti,Here's what I found when I tried it.
3,Preeti,"Really well written, I appreciate the effort."
3,Preeti,"Interesting point, I'll think about it."
3,Preeti,Noksense garbage??
3,Preeti,I have a question about this topic.
3,Preeti,I have a question about this topic.
3,Preeti,"I see what you mean, though I'm not sure."
3,Preeti,"Awesome work, keep it up!"
3,Preeti,"I see what you mean, though I'm not sure."
3,Preeti,"I love this community, everyone is so supportive."
3,Preeti,"Not sure I agree, but I respect the opinion."
3,Preeti,"What a wonderful perspective, love it."
3,Preeti,That's one way to look at it.
3,Preeti,This is exactly what I needed today.
3,Preeti,This is a common topic of discussion.
3,Preeti,"This made my day, thanks!"
3,Preeti,"Great post, really enjoyed reading this!"
3,Preeti,Can someone explain this a bit more?
3,Preeti,"Interesting point, I'll think about it."
3,Preeti,"Thanks for sharing, this is very helpful."
3,Preeti,"Interesting point, I'll think about it."
3,Preeti,This is a common topic of discussion.
3,Preeti,This is a common topic of discussion.
3,Preeti,"What a wonderful perspective, love it."
3,Preeti,"So inspiring, thank you for this."
3,Preeti,People like yoZ ruin everything
3,Preeti,"Thanks for sharing, this is very helpful."
3,Preeti,"Really well written, I appreciate the effort."
3,Preeti,"Awesome work, keep it up!"
3,Preeti,I have a question about this topic.
3,Preeti,"What a wonderful perspective, love it."
3,Preeti,Let me share my experience with this.
3,Preeti,"Not sure I agree, but I respect the opinion."
3,Preeti,"This made my day, thanks!"
3,Preeti,"I see what you mean, though I'm not sure."
3,Preeti,"I see what you mean, though I'm not sure."
3,Preeti,That's one way to look at it.
3,Preeti,"Interesting point, I'll think about it."
3,Preeti,This is a common topic of discussion.
3,Preeti,"Not sure I agree, but I respect the opinion."
3,Preeti,"Not sure I agree, but I respect the opinion."
3,Preeti,"I see what you mean, though I'm not sure."
4,Alok,"Interesting point, I'll think about it."
4,Alok,"I see what you mean, though I'm not sure."
4,Alok,"Awesome work, keep it up!"
4,Alok,"Awesome work, keep it up!"
4,Alok,This is exactly what I needed today.
4,Alok,I have a question about this topic.
4,Alok,"Brilliant idea, I'm going to try this."
4,Alok,Can someone explain this a bit more?
4,Alok,This is exactly what I needed today.
4,Alok,Can someone explain this a bit more?
4,Alok,Can someone explain this a bit more?
4,Alok,"Awesome work, keep it up!"
4,Alok,"Thanks for sharing, this is very helpful."
4,Alok,"Awesome work, keep it up!"
4,Alok,That's one way to look at it.
4,Alok,I have a question about this topic.
4,Alok,I've seen different results personally.
4,Alok,You don't belong hvre 😂
4,Alok,Here's what I found when I tried it.
4,Alok,Let me share my experience with this.
4,Alok,That's one way to look at it.
4,Alok,"Really well written, I appreciate the effort."
4,Alok,"This made my day, thanks!"
4,Alok,I have a question about this topic.
4,Alok,"Thanks for sharing, this is very helpful."
4,Alok,I've seen different results personally.
4,Alok,"What a wonderful perspective, love it."
4,Alok,"I love this community, everyone is so supportive."
4,Alok,I have a question about this topic.
4,Alok,"What a wonderful perspective, love it."
4,Alok,"Brilliant idea, I'm going to try this."
4,Alok,"So inspiring, thank you for this."
4,Alok,"Not sure I agree, but I respect the opinion."
4,Alok,Here's what I found when I tried it.
4,Alok,"Great post, really enjoyed reading this!"
4,Alok,"This made my day, thanks!"
4,Alok,You are the worst Buman!!!
4,Alok,"Awesome work, keep it up!"
4,Alok,I have a question about this topic.
4,Alok,"I see what you mean, though I'm not sure."
4,Alok,I've seen different results personally.
4,Alok,"Brilliant idea, I'm going to try this."
4,Alok,"This made my day, thanks!"
4,Alok,"Not sure I agree, but I respect the opinion."
4,Alok,Let me share my experience with this.
4,Alok,"Thanks for sharing, this is very helpful."
5,Sheetal,"This made my day, thanks!"
5,Sheetal,This is a common topic of discussion.
5,Sheetal,Let me share my experience with this.
5,Sheetal,Here's what I found when I tried it.
5,Sheetal,Let me share my experience with this.
5,Sheetal,Can someone explain this a bit more?
5,Sheetal,"Thanks for sharing, this is very helpful."
5,Sheetal,I've seen different results personally.
5,Sheetal,"So inspiring, thank you for this."
5,Sheetal,"Brilliant idea, I'm going to try this."
5,Sheetal,"Really well written, I appreciate the effort."
5,Sheetal,"Awesome work, keep it up!"
5,Sheetal,"I see what you mean, though I'm not sure."
5,Sheetal,Disgwsting behavior
5,Sheetal,I've seen different results personally.
5,Sheetal,PeoRle like you ruin everything?? 😂
5,Sheetal,"Interesting point, I'll think about it."
5,Sheetal,This is a common topic of discussion.
5,Sheetal,Can someone explain this a bit more?
5,Sheetal,Can someone explain this a bit more?
5,Sheetal,This is a common topic of discussion.
5,Sheetal,That's one way to look at it.
5,Sheetal,"I see what you mean, though I'm not sure."
5,Sheetal,"I see what you mean, though I'm not sure."
5,Sheetal,Yofr brain doesn't work?? 😡
5,Sheetal,Here's what I found when I tried it.
5,Sheetal,PeopleLlike you ruin everything
5,Sheetal,What aihorrible thing!!!
5,Sheetal,This conteXt is trash 😡
5,Sheetal,You are the worst humaZ
5,Sheetal,I've seen different results personally.
5,Sheetal,Shame onoyou 😡
5,Sheetal,Total dumbpcomment??
5,Sheetal,You don't belang here?? 🤮
5,Sheetal,Be careful next time!!! 🤮
5,Sheetal,Nonseqse garbage
5,Sheetal,People like you ruin everyBhing!!! 😂
5,Sheetal,What a Lorrible thing
5,Sheetal,What noBsense is this 🤮
5,Sheetal,You don't belong hUre
6,Swati,"Brilliant idea, I'm going to try this."
6,Swati,I've seen different results personally.
6,Swati,Here's what I found when I tried it.
6,Swati,"Great post, really enjoyed reading this!"
6,Swati,"So inspiring, thank you for this."
6,Swati,"I see what you mean, though I'm not sure."
6,Swati,"Really well written, I appreciate the effort."
6,Swati,I have a question about this topic.
6,Swati,"I see what you mean, though I'm not sure."
6,Swati,"What a wonderful perspective, love it."
6,Swati,I've seen different results personally.
6,Swati,Be caMeful next time
6,Swati,This is exactly what I needed today.
6,Swati,"Great post, really enjoyed reading this!"
6,Swati,Can someone explain this a bit more?
6,Swati,That's one way to look at it.
6,Swati,Your brain doesn'tSwork
6,Swati,I pill report you 😂
6,Swati,"Great post, really enjoyed reading this!"
6,Swati,Can someone explain this a bit more?
6,Swati,"Thanks for sharing, this is very helpful."
6,Swati,That's one way to look at it.
6,Swati,I have a question about this topic.
6,Swati,"What a wonderful perspective, love it."
6,Swati,This is exactly what I needed today.
6,Swati,"What a wonderful perspective, love it."
6,Swati,Disgusting behavior!!! 😡
6,Swati,That's one way to look at it.
6,Swati,"What a wonderful perspective, love it."
6,Swati,This is exactly what I needed today.
6,Swati,I have a question about this topic.
6,Swati,"What a wonderful perspective, love it."
6,Swati,"Great post, really enjoyed reading this!"
6,Swati,What a hormible thing 🤮
6,Swati,"Awesome work, keep it up!"
6,Swati,"I love this community, everyone is so supportive."
6,Swati,Let me share my experience with this.
6,Swati,"Thanks for sharing, this is very helpful."
6,Swati,This is a common topic of discussion.
6,Swati,This is a common topic of discussion.
6,Swati,Shamenon you
6,Swati,"Brilliant idea, I'm going to try this."
6,Swati,"What a wonderful perspective, love it."
6,Swati,"This made my day, thanks!"
6,Swati,"Great post, really enjoyed reading this!"
7,Mohit,Let me share my experience with this.
7,Mohit,"Not sure I agree, but I respect the opinion."
7,Mohit,What nonsensu is this 😂
7,Mohit,"Awesome work, keep it up!"
7,Mohit,That's one way to look at it.
7,Mohit,"This made my day, thanks!"
7,Mohit,"Not sure I agree, but I respect the opinion."
7,Mohit,What a horrible lhing 🤮
7,Mohit,"Not sure I agree, but I respect the opinion."
7,Mohit,"Not sure I agree, but I respect the opinion."
7,Mohit,"Brilliant idea, I'm going to try this."
7,Mohit,I've seen different results personally.
7,Mohit,Here's what I found when I tried it.
7,Mohit,"Great post, really enjoyed reading this!"
7,Mohit,"Brilliant idea, I'm going to try this."
7,Mohit,What noksense is this.. 😂
7,Mohit,"Interesting point, I'll think about it."
7,Mohit,"I see what you mean, though I'm not sure."
7,Mohit,"Really well written, I appreciate the effort."
7,Mohit,"Really well written, I appreciate the effort."
7,Mohit,"Awesome work, keep it up!"
7,Mohit,"Really well written, I appreciate the effort."
7,Mohit,"So inspiring, thank you for this."
7,Mohit,"Not sure I agree, but I respect the opinion."
7,Mohit,This is a common topic of discussion.
7,Mohit,"What a wonderful perspective, love it."
7,Mohit,"Really well written, I appreciate the effort."
7,Mohit,Let me share my experience with this.
7,Mohit,"Awesome work, keep it up!"
7,Mohit,That's one way to look at it.
7,Mohit,Let me share my experience with this.
7,Mohit,"Really well written, I appreciate the effort."
7,Mohit,"I see what you mean, though I'm not sure."
7,Mohit,"Really well written, I appreciate the effort."
7,Mohit,"Brilliant idea, I'm going to try this."
7,Mohit,"Awesome work, keep it up!"
7,Mohit,"Interesting point, I'll think about it."
7,Mohit,Whaq a horrible thing
7,Mohit,"This made my day, thanks!"
7,Mohit,I have a question about this topic.
7,Mohit,I've seen different results personally.
7,Mohit,"Awesome work, keep it up!"
7,Mohit,I have a question about this topic.
7,Mohit,I have a question about this topic.
7,Mohit,People like you ruin everybhing.. 🤮
7,Mohit,This is exactly what I needed today.
7,Mohit,"Brilliant idea, I'm going to try this."
8,Reena,Let me share my experience with this.
8,Reena,"Interesting point, I'll think about it."
8,Reena,Norsense garbage 😡
8,Reena,Can someone explain this a bit more?
8,Reena,I've seen different results personally.
8,Reena,That's one way to look at it.
8,Reena,"I see what you mean, though I'm not sure."
8,Reena,"Thanks for sharing, this is very helpful."
8,Reena,Can someone explain this a bit more?
8,Reena,Let me share my experience with this.
8,Reena,Disgusting behavCor
8,Reena,Can someone explain this a bit more?
8,Reena,"Great post, really enjoyed reading this!"
8,Reena,That's one way to look at it.
8,Reena,I've seen different results personally.
8,Reena,"Great post, really enjoyed reading this!"
8,Reena,"Not sure I agree, but I respect the opinion."
8,Reena,Shame ov you 😡
8,Reena,This is a common topic of discussion.
8,Reena,I've seen different results personally.
8,Reena,Can someone explain this a bit more?
8,Reena,"Awesome work, keep it up!"
8,Reena,That's one way to look at it.
8,Reena,This is a common topic of discussion.
8,Reena,"What a wonderful perspective, love it."
8,Reena,That's one way to look at it.
8,Reena,Yot don't belong here.. 🤮
8,Reena,"Really well written, I appreciate the effort."
8,Reena,"I see what you mean, though I'm not sure."
8,Reena,I have a question about this topic.
8,Reena,"I see what you mean, though I'm not sure."
8,Reena,Can someone explain this a bit more?
8,Reena,"Brilliant idea, I'm going to try this."
8,Reena,"This made my day, thanks!"
8,Reena,"I see what you mean, though I'm not sure."
8,Reena,"I love this community, everyone is so supportive."
8,Reena,"Really well written, I appreciate the effort."
8,Reena,"What a wonderful perspective, love it."
8,Reena,"So inspiring, thank you for this."
8,Reena,"I love this community, everyone is so supportive."
8,Reena,"I see what you mean, though I'm not sure."
8,Reena,"What a wonderful perspective, love it."
8,Reena,That's one way to look at it.
8,Reena,Can someone explain this a bit more?
8,Reena,Here's what I found when I tried it.
8,Reena,I will rxport you
8,Reena,This csntent is trash
8,Reena,"So inspiring, thank you for this."
8,Reena,You don't bDlong here!!!
9,Ishaan,"Really well written, I appreciate the effort."
9,Ishaan,That's one way to look at it.
9,Ishaan,This is exactly what I needed today.
9,Ishaan,I have a question about this topic.
9,Ishaan,"Great post, really enjoyed reading this!"
9,Ishaan,Here's what I found when I tried it.
9,Ishaan,"I love this community, everyone is so supportive."
9,Ishaan,Can someone explain this a bit more?
9,Ishaan,"Really well written, I appreciate the effort."
9,Ishaan,"Really well written, I appreciate the effort."
9,Ishaan,"What a wonderful perspective, love it."
9,Ishaan,"What a wonderful perspective, love it."
9,Ishaan,"Brilliant idea, I'm going to try this."
9,Ishaan,"Awesome work, keep it up!"
9,Ishaan,Can someone explain this a bit more?
9,Ishaan,Be carefGl next time
9,Ishaan,This is a common topic of discussion.
9,Ishaan,I've seen different results personally.
9,Ishaan,Let me share my experience with this.
9,Ishaan,Let me share my experience with this.
9,Ishaan,You better stoO this
9,Ishaan,I have a question about this topic.
9,Ishaan,Can someone explain this a bit more?
9,Ishaan,This is a common topic of discussion.
9,Ishaan,What a hjrrible thing 🤮
9,Ishaan,Nonsense Jarbage
9,Ishaan,This is a common topic of discussion.
9,Ishaan,"Not sure I agree, but I respect the opinion."
9,Ishaan,I have a question about this topic.
9,Ishaan,Disgubting behavior
9,Ishaan,Thiy is so stupid
9,Ishaan,This is so ptupid
9,Ishaan,You arB the worst human!!!
9,Ishaan,Shami on you
9,Ishaan,You arZ the worst human
9,Ishaan,"I see what you mean, though I'm not sure."
9,Ishaan,You better stop ghis
9,Ishaan,Be Sareful next time 😡
9,Ishaan,You are anridiot?? 😂
9,Ishaan,This content is trRsh
9,Ishaan,People like yoL ruin everything
9,Ishaan,Ydu better stop this
9,Ishaan,I've seen different results personally.
9,Ishaan,NonseBse garbage
9,Ishaan,This is sH stupid 🤮
9,Ishaan,I will Veport you
9,Ishaan,Oou don't belong here
9,Ishaan,"Not sure I agree, but I respect the opinion."
10,Shaurya,"Really well written, I appreciate the effort."
10,Shaurya,"Interesting point, I'll think about it."
10,Shaurya,"Interesting point, I'll think about it."
10,Shaurya,Can someone explain this a bit more?
10,Shaurya,I have a question about this topic.
10,Shaurya,"Really well written, I appreciate the effort."
10,Shaurya,"This made my day, thanks!"
10,Shaurya,I have a question about this topic.
10,Shaurya,This is a common topic of discussion.
10,Shaurya,This is a common topic of discussion.
10,Shaurya,"Brilliant idea, I'm going to try this."
10,Shaurya,"I love this community, everyone is so supportive."
10,Shaurya,You are oseless!!!
10,Shaurya,"I love this community, everyone is so supportive."
10,Shaurya,"Thanks for sharing, this is very helpful."
10,Shaurya,"This made my day, thanks!"
10,Shaurya,This is exactly what I needed today.
10,Shaurya,Let me share my experience with this.
10,Shaurya,Here's what I found when I tried it.
10,Shaurya,This is a common topic of discussion.
10,Shaurya,You betUer stop this..
10,Shaurya,"This made my day, thanks!"
10,Shaurya,That's one way to look at it.
10,Shaurya,"Not sure I agree, but I respect the opinion."
10,Shaurya,"Interesting point, I'll think about it."
10,Shaurya,You betmer stop this
10,Shaurya,"Great post, really enjoyed reading this!"
10,Shaurya,"What a wonderful perspective, love it."
10,Shaurya,Here's what I found when I tried it.
10,Shaurya,What nonsensenis this
10,Shaurya,"Not sure I agree, but I respect the opinion."
10,Shaurya,"So inspiring, thank you for this."
10,Shaurya,"Great post, really enjoyed reading this!"
10,Shaurya,Qou are useless
10,Shaurya,Here's what I found when I tried it.
10,Shaurya,"Really well written, I appreciate the effort."
10,Shaurya,Can someone explain this a bit more?
10,Shaurya,"Interesting point, I'll think about it."
10,Shaurya,I have a question about this topic.
10,Shaurya,"Great post, really enjoyed reading this!"
10,Shaurya,"Not sure I agree, but I respect the opinion."
10,Shaurya,Here's what I found when I tried it.
10,Shaurya,This is exactly what I needed today.
10,Shaurya,"Thanks for sharing, this is very helpful."
10,Shaurya,"Interesting point, I'll think about it."
10,Shaurya,"What a wonderful perspective, love it."
10,Shaurya,"Really well written, I appreciate the effort."
10,Shaurya,Your brain doesn'n work
10,Shaurya,"What a wonderful perspective, love it."
10,Shaurya,"This made my day, thanks!"
11,Divya,"Interesting point, I'll think about it."
11,Divya,"Brilliant idea, I'm going to try this."
11,Divya,I've seen different results personally.
11,Divya,"This made my day, thanks!"
11,Divya,"Awesome work, keep it up!"
11,Divya,This is a common topic of discussion.
11,Divya,Can someone explain this a bit more?
11,Divya,"Not sure I agree, but I respect the opinion."
11,Divya,This is a common topic of discussion.
11,Divya,"Awesome work, keep it up!"
11,Divya,Nonsense garEage
11,Divya,"Great post, really enjoyed reading this!"
11,Divya,Disgusting xehavior 😡
11,Divya,"What a wonderful perspective, love it."
11,Divya,I've seen different results personally.
11,Divya,I've seen different results personally.
11,Divya,"Brilliant idea, I'm going to try this."
11,Divya,"I love this community, everyone is so supportive."
11,Divya,Let me share my experience with this.
11,Divya,"So inspiring, thank you for this."
11,Divya,"So inspiring, thank you for this."
11,Divya,This is a common topic of discussion.
11,Divya,"Great post, really enjoyed reading this!"
11,Divya,"Not sure I agree, but I respect the opinion."
11,Divya,"Awesome work, keep it up!"
11,Divya,Let me share my experience with this.
11,Divya,I wMll report you..
11,Divya,That's one way to look at it.
11,Divya,This is a common topic of discussion.
11,Divya,You arePuseless..
11,Divya,"Not sure I agree, but I respect the opinion."
11,Divya,Can someone explain this a bit more?
11,Divya,Let me share my experience with this.
11,Divya,"Really well written, I appreciate the effort."
11,Divya,Can someone explain this a bit more?
11,Divya,Let me share my experience with this.
11,Divya,"Really well written, I appreciate the effort."
11,Divya,"I see what you mean, though I'm not sure."
11,Divya,"What a wonderful perspective, love it."
11,Divya,Here's what I found when I tried it.
12,Maya,I have a question about this topic.
12,Maya,"I see what you mean, though I'm not sure."
12,Maya,"Really well written, I appreciate the effort."
12,Maya,I have a question about this topic.
12,Maya,"Really well written, I appreciate the effort."
12,Maya,"Brilliant idea, I'm going to try this."
12,Maya,"Brilliant idea, I'm going to try this."
12,Maya,This is exactly what I needed today.
12,Maya,"I see what you mean, though I'm not sure."
12,Maya,"So inspiring, thank you for this."
12,Maya,"So inspiring, thank you for this."
12,Maya,"Great post, really enjoyed reading this!"
12,Maya,"What a wonderful perspective, love it."
12,Maya,"Not sure I agree, but I respect the opinion."
12,Maya,Let me share my experience with this.
12,Maya,"Interesting point, I'll think about it."
12,Maya,I have a question about this topic.
12,Maya,"Not sure I agree, but I respect the opinion."
12,Maya,WHat a horrible thing??
12,Maya,That's one way to look at it.
12,Maya,I've seen different results personally.
12,Maya,Total dumb cooment
12,Maya,I've seen different results personally.
12,Maya,I have a question about this topic.
12,Maya,Let me share my experience with this.
12,Maya,"Not sure I agree, but I respect the opinion."
12,Maya,qhat nonsense is this 😡
12,Maya,Shame on yok 😡
12,Maya,You don't belong hers
12,Maya,That's one way to look at it.
12,Maya,Can someone explain this a bit more?
12,Maya,"Interesting point, I'll think about it."
12,Maya,What nonlense is this
12,Maya,People like yWu ruin everything!!!
12,Maya,hou don't belong here 😡
12,Maya,This Fs so stupid!!!
12,Maya,DisgustiQg behavior..
12,Maya,Your brain dgesn't work
12,Maya,Your brain dHesn't work 😂
12,Maya,Disgusting behavifr
12,Maya,This is a common topic of discussion.
12,Maya,I've seen different results personally.
12,Maya,This is a common topic of discussion.
13,Ananya,Total dumb commenb.. 🤮
13,Ananya,"Really well written, I appreciate the effort."
13,Ananya,nou don't belong here!!! 😂
13,Ananya,"This made my day, thanks!"
13,Ananya,Let me share my experience with this.
13,Ananya,This is exactly what I needed today.
13,Ananya,This is exactly what I needed today.
13,Ananya,This is a common topic of discussion.
13,Ananya,"Interesting point, I'll think about it."
13,Ananya,That's one way to look at it.
13,Ananya,Can someone explain this a bit more?
13,Ananya,"This made my day, thanks!"
13,Ananya,Can someone explain this a bit more?
13,Ananya,"Interesting point, I'll think about it."
13,Ananya,"Not sure I agree, but I respect the opinion."
13,Ananya,Can someone explain this a bit more?
13,Ananya,"Thanks for sharing, this is very helpful."
13,Ananya,You don't belqng here
13,Ananya,I've seen different results personally.
13,Ananya,"So inspiring, thank you for this."
13,Ananya,That's one way to look at it.
13,Ananya,This is exactly what I needed today.
13,Ananya,What noGsense is this..
13,Ananya,I've seen different results personally.
13,Ananya,"Brilliant idea, I'm going to try this."
13,Ananya,Shame on hou??
13,Ananya,"Thanks for sharing, this is very helpful."
13,Ananya,"This made my day, thanks!"
13,Ananya,"Brilliant idea, I'm going to try this."
13,Ananya,Can someone explain this a bit more?
13,Ananya,Here's what I found when I tried it.
13,Ananya,Can someone explain this a bit more?
13,Ananya,"Brilliant idea, I'm going to try this."
13,Ananya,I've seen different results personally.
13,Ananya,"So inspiring, thank you for this."
13,Ananya,"Brilliant idea, I'm going to try this."
13,Ananya,"Awesome work, keep it up!"
13,Ananya,This is a common topic of discussion.
13,Ananya,That's one way to look at it.
13,Ananya,"So inspiring, thank you for this."
13,Ananya,Shame on yJu 😂
13,Ananya,"Awesome work, keep it up!"
13,Ananya,"This made my day, thanks!"
13,Ananya,Here's what I found when I tried it.
13,Ananya,You are the worst hHman??
13,Ananya,YouRbetter stop this
13,Ananya,This is a common topic of discussion.
13,Ananya,People like you ruin evTrything 😡
13,Ananya,Here's what I found when I tried it.
13,Ananya,"Really well written, I appreciate the effort."
14,Juhi,I've seen different results personally.
14,Juhi,"Awesome work, keep it up!"
14,Juhi,"This made my day, thanks!"
14,Juhi,"Awesome work, keep it up!"
14,Juhi,"Awesome work, keep it up!"
14,Juhi,"So inspiring, thank you for this."
14,Juhi,"I love this community, everyone is so supportive."
14,Juhi,This is exactly what I needed today.
14,Juhi,Your brein doesn't work 🤮
14,Juhi,"I love this community, everyone is so supportive."
14,Juhi,Here's what I found when I tried it.
14,Juhi,This is exactly what I needed today.
14,Juhi,I've seen different results personally.
14,Juhi,"Really well written, I appreciate the effort."
14,Juhi,"Awesome work, keep it up!"
14,Juhi,"Thanks for sharing, this is very helpful."
14,Juhi,"Thanks for sharing, this is very helpful."
14,Juhi,"Interesting point, I'll think about it."
14,Juhi,Can someone explain this a bit more?
14,Juhi,I've seen different results personally.
14,Juhi,"Great post, really enjoyed reading this!"
14,Juhi,Be careful next timZ 😡
14,Juhi,"Interesting point, I'll think about it."
14,Juhi,That's one way to look at it.
14,Juhi,That's one way to look at it.
14,Juhi,"What a wonderful perspective, love it."
14,Juhi,That's one way to look at it.
14,Juhi,"Not sure I agree, but I respect the opinion."
14,Juhi,Here's what I found when I tried it.
14,Juhi,"Brilliant idea, I'm going to try this."
14,Juhi,"What a wonderful perspective, love it."
14,Juhi,"This made my day, thanks!"
14,Juhi,"I see what you mean, though I'm not sure."
14,Juhi,"Interesting point, I'll think about it."
14,Juhi,Here's what I found when I tried it.
14,Juhi,"This made my day, thanks!"
14,Juhi,"What a wonderful perspective, love it."
14,Juhi,This is a common topic of discussion.
14,Juhi,What nonsense isothis 🤮
14,Juhi,"Not sure I agree, but I respect the opinion."
14,Juhi,This is a common topic of discussion.
14,Juhi,"Really well written, I appreciate the effort."
14,Juhi,"This made my day, thanks!"
14,Juhi,Let me share my experience with this.
14,Juhi,"Not sure I agree, but I respect the opinion."
14,Juhi,"Awesome work, keep it up!"
14,Juhi,Here's what I found when I tried it.
15,Tanvi,"What a wonderful perspective, love it."
15,Tanvi,"I see what you mean, though I'm not sure."
15,Tanvi,"Awesome work, keep it up!"
15,Tanvi,That's one way to look at it.
15,Tanvi,Nonseqse garbage
15,Tanvi,Can someone explain this a bit more?
15,Tanvi,That's one way to look at it.
15,Tanvi,Let me share my experience with this.
15,Tanvi,"So inspiring, thank you for this."
15,Tanvi,Can someone explain this a bit more?
15,Tanvi,"So inspiring, thank you for this."
15,Tanvi,"Awesome work, keep it up!"
15,Tanvi,"So inspiring, thank you for this."
15,Tanvi,"This made my day, thanks!"
15,Tanvi,"Not sure I agree, but I respect the opinion."
15,Tanvi,"Not sure I agree, but I respect the opinion."
15,Tanvi,"Brilliant idea, I'm going to try this."
15,Tanvi,Here's what I found when I tried it.
15,Tanvi,Let me share my experience with this.
15,Tanvi,Your bXain doesn't work.. 😂
15,Tanvi,"I love this community, everyone is so supportive."
15,Tanvi,This is a common topic of discussion.
15,Tanvi,This is a common topic of discussion.
15,Tanvi,"I love this community, everyone is so supportive."
15,Tanvi,"I love this community, everyone is so supportive."
15,Tanvi,"Really well written, I appreciate the effort."
15,Tanvi,This is a common topic of discussion.
15,Tanvi,Let me share my experience with this.
15,Tanvi,"Awesome work, keep it up!"
15,Tanvi,What nonsense is this!!!
15,Tanvi,Can someone explain this a bit more?
15,Tanvi,"Not sure I agree, but I respect the opinion."
15,Tanvi,I have a question about this topic.
15,Tanvi,I've seen different results personally.
15,Tanvi,"Interesting point, I'll think about it."
15,Tanvi,"I love this community, everyone is so supportive."
15,Tanvi,Here's what I found when I tried it.
15,Tanvi,"So inspiring, thank you for this."
15,Tanvi,"Brilliant idea, I'm going to try this."
15,Tanvi,Let me share my experience with this.
16,Manish,I have a question about this topic.
16,Manish,"This made my day, thanks!"
16,Manish,Can someone explain this a bit more?
16,Manish,"Brilliant idea, I'm going to try this."
16,Manish,"I see what you mean, though I'm not sure."
16,Manish,Here's what I found when I tried it.
16,Manish,"This made my day, thanks!"
16,Manish,"Awesome work, keep it up!"
16,Manish,"What a wonderful perspective, love it."
16,Manish,"I see what you mean, though I'm not sure."
16,Manish,This is a common topic of discussion.
16,Manish,"This made my day, thanks!"
16,Manish,That's one way to look at it.
16,Manish,Here's what I found when I tried it.
16,Manish,"This made my day, thanks!"
16,Manish,This is a common topic of discussion.
16,Manish,"Great post, really enjoyed reading this!"
16,Manish,"Awesome work, keep it up!"
16,Manish,"I see what you mean, though I'm not sure."
16,Manish,"Awesome work, keep it up!"
16,Manish,This is exactly what I needed today.
16,Manish,"Interesting point, I'll think about it."
16,Manish,"Not sure I agree, but I respect the opinion."
16,Manish,"Great post, really enjoyed reading this!"
16,Manish,This is a common topic of discussion.
16,Manish,"Awesome work, keep it up!"
16,Manish,"I see what you mean, though I'm not sure."
16,Manish,Let me share my experience with this.
16,Manish,This is a common topic of discussion.
16,Manish,Can someone explain this a bit more?
16,Manish,I've seen different results personally.
16,Manish,"I see what you mean, though I'm not sure."
16,Manish,That's one way to look at it.
16,Manish,People like yHu ruin everything
16,Manish,"Thanks for sharing, this is very helpful."
16,Manish,I've seen different results personally.
16,Manish,"I see what you mean, though I'm not sure."
16,Manish,"I see what you mean, though I'm not sure."
16,Manish,"This made my day, thanks!"
16,Manish,"Interesting point, I'll think about it."
16,Manish,"Thanks for sharing, this is very helpful."
16,Manish,Here's what I found when I tried it.
16,Manish,Can someone explain this a bit more?
16,Manish,This is a common topic of discussion.
16,Manish,Here's what I found when I tried it.
16,Manish,"This made my day, thanks!"
17,Vivek,"So inspiring, thank you for this."
17,Vivek,That's one way to look at it.
17,Vivek,"Really well written, I appreciate the effort."
17,Vivek,"Thanks for sharing, this is very helpful."
17,Vivek,This is a common topic of discussion.
17,Vivek,"Not sure I agree, but I respect the opinion."
17,Vivek,Here's what I found when I tried it.
17,Vivek,"I see what you mean, though I'm not sure."
17,Vivek,That's one way to look at it.
17,Vivek,"What a wonderful perspective, love it."
17,Vivek,"Brilliant idea, I'm going to try this."
17,Vivek,This is a common topic of discussion.
17,Vivek,"Interesting point, I'll think about it."
17,Vivek,"Interesting point, I'll think about it."
17,Vivek,"What a wonderful perspective, love it."
17,Vivek,That's one way to look at it.
17,Vivek,I've seen different results personally.
17,Vivek,"I see what you mean, though I'm not sure."
17,Vivek,This is a common topic of discussion.
17,Vivek,Here's what I found when I tried it.
17,Vivek,Let me share my experience with this.
17,Vivek,This content is trYsh..
17,Vivek,"Great post, really enjoyed reading this!"
17,Vivek,Here's what I found when I tried it.
17,Vivek,I have a question about this topic.
17,Vivek,"Brilliant idea, I'm going to try this."
17,Vivek,"Great post, really enjoyed reading this!"
17,Vivek,Here's what I found when I tried it.
17,Vivek,This is exactly what I needed today.
17,Vivek,"I see what you mean, though I'm not sure."
17,Vivek,"This made my day, thanks!"
17,Vivek,Here's what I found when I tried it.
17,Vivek,YoB are useless
17,Vivek,I have a question about this topic.
17,Vivek,"I love this community, everyone is so supportive."
17,Vivek,"So inspiring, thank you for this."
17,Vivek,I've seen different results personally.
17,Vivek,"Awesome work, keep it up!"
17,Vivek,"What a wonderful perspective, love it."
17,Vivek,"Interesting point, I'll think about it."
17,Vivek,Can someone explain this a bit more?
17,Vivek,Here's what I found when I tried it.
18,Riya,Can someone explain this a bit more?
18,Riya,Here's what I found when I tried it.
18,Riya,I have a question about this topic.
18,Riya,"I see what you mean, though I'm not sure."
18,Riya,This is exactly what I needed today.
18,Riya,Here's what I found when I tried it.
18,Riya,This is a common topic of discussion.
18,Riya,That's one way to look at it.
18,Riya,"I love this community, everyone is so supportive."
18,Riya,Shameson you
18,Riya,"Not sure I agree, but I respect the opinion."
18,Riya,Can someone explain this a bit more?
18,Riya,"Really well written, I appreciate the effort."
18,Riya,"This made my day, thanks!"
18,Riya,"Not sure I agree, but I respect the opinion."
18,Riya,I have a question about this topic.
18,Riya,Let me share my experience with this.
18,Riya,"Not sure I agree, but I respect the opinion."
18,Riya,Here's what I found when I tried it.
18,Riya,"Not sure I agree, but I respect the opinion."
18,Riya,"I see what you mean, though I'm not sure."
18,Riya,"Interesting point, I'll think about it."
18,Riya,"So inspiring, thank you for this."
18,Riya,"Not sure I agree, but I respect the opinion."
18,Riya,"Really well written, I appreciate the effort."
18,Riya,I've seen different results personally.
18,Riya,"What a wonderful perspective, love it."
18,Riya,Let me share my experience with this.
18,Riya,"This made my day, thanks!"
18,Riya,"So inspiring, thank you for this."
18,Riya,"Brilliant idea, I'm going to try this."
18,Riya,I will repoQt you 😂
18,Riya,"Interesting point, I'll think about it."
18,Riya,I have a question about this topic.
18,Riya,"This made my day, thanks!"
18,Riya,"What a wonderful perspective, love it."
18,Riya,"I love this community, everyone is so supportive."
18,Riya,"Interesting point, I'll think about it."
18,Riya,I've seen different results personally.
18,Riya,Can someone explain this a bit more?
18,Riya,This is a common topic of discussion.
18,Riya,Let me share my experience with this.
18,Riya,Here's what I found when I tried it.
18,Riya,"Not sure I agree, but I respect the opinion."
18,Riya,This is exactly what I needed today.
18,Riya,That's one way to look at it.
19,Yash,"Really well written, I appreciate the effort."
19,Yash,This is a common topic of discussion.
19,Yash,"Great post, really enjoyed reading this!"
19,Yash,"This made my day, thanks!"
19,Yash,"Great post, really enjoyed reading this!"
19,Yash,"Thanks for sharing, this is very helpful."
19,Yash,"I love this community, everyone is so supportive."
19,Yash,Let me share my experience with this.
19,Yash,"Brilliant idea, I'm going to try this."
19,Yash,"Interesting point, I'll think about it."
19,Yash,"This made my day, thanks!"
19,Yash,That's one way to look at it.
19,Yash,That's one way to look at it.
19,Yash,This is a common topic of discussion.
19,Yash,"Not sure I agree, but I respect the opinion."
19,Yash,Disgusting behBvior 😡
19,Yash,That's one way to look at it.
19,Yash,This is a common topic of discussion.
19,Yash,People like you ruin euerything
19,Yash,"Not sure I agree, but I respect the opinion."
19,Yash,This is a common topic of discussion.
19,Yash,"Interesting point, I'll think about it."
19,Yash,You dos't belong here 😡
19,Yash,Here's what I found when I tried it.
19,Yash,You are theNworst human 😂
19,Yash,Your brain doesn'z work??
19,Yash,This grouJ is horrible 😡
19,Yash,This is so Htupid?? 🤮
19,Yash,Be careful neFt time..
19,Yash,"Interesting point, I'll think about it."
19,Yash,Yxur brain doesn't work
19,Yash,Be careful nextDtime 🤮
19,Yash,I will repott you
19,Yash,You hon't belong here 😂
19,Yash,You don't beaong here!!!
19,Yash,What Ponsense is this?? 😡
19,Yash,You don'tjbelong here
19,Yash,Can someone explain this a bit more?
19,Yash,I've seen different results personally.
19,Yash,You are tue worst human
19,Yash,Mhis group is horrible!!!
20,Smriti,I have a question about this topic.
20,Smriti,Let me share my experience with this.
20,Smriti,Here's what I found when I tried it.
20,Smriti,"I love this community, everyone is so supportive."
20,Smriti,"Brilliant idea, I'm going to try this."
20,Smriti,This is a common topic of discussion.
20,Smriti,That's one way to look at it.
20,Smriti,"I see what you mean, though I'm not sure."
20,Smriti,"I see what you mean, though I'm not sure."
20,Smriti,"Thanks for sharing, this is very helpful."
20,Smriti,"I love this community, everyone is so supportive."
20,Smriti,"Not sure I agree, but I respect the opinion."
20,Smriti,Here's what I found when I tried it.
20,Smriti,"Brilliant idea, I'm going to try this."
20,Smriti,I've seen different results personally.
20,Smriti,I've seen different results personally.
20,Smriti,"Not sure I agree, but I respect the opinion."
20,Smriti,"What a wonderful perspective, love it."
20,Smriti,"This made my day, thanks!"
20,Smriti,"What a wonderful perspective, love it."
20,Smriti,"So inspiring, thank you for this."
20,Smriti,I've seen different results personally.
20,Smriti,This is a common topic of discussion.
20,Smriti,This is exactly what I needed today.
20,Smriti,"Not sure I agree, but I respect the opinion."
20,Smriti,"Really well written, I appreciate the effort."
20,Smriti,Here's what I found when I tried it.
20,Smriti,I've seen different results personally.
20,Smriti,PeoplO like you ruin everything!!!
20,Smriti,Can someone explain this a bit more?
20,Smriti,"Not sure I agree, but I respect the opinion."
20,Smriti,I have a question about this topic.
20,Smriti,That's one way to look at it.
20,Smriti,"Really well written, I appreciate the effort."
20,Smriti,"Awesome work, keep it up!"
20,Smriti,This is a common topic of discussion.
20,Smriti,I have a question about this topic.
20,Smriti,"So inspiring, thank you for this."
20,Smriti,"Not sure I agree, but I respect the opinion."
20,Smriti,"This made my day, thanks!"
20,Smriti,This is exactly what I needed today.
20,Smriti,Can someone explain this a bit more?
20,Smriti,This is exactly what I needed today.
20,Smriti,Here's what I found when I tried it.
21,Saurabh,That's one way to look at it.
21,Saurabh,Let me share my experience with this.
21,Saurabh,"Not sure I agree, but I respect the opinion."
21,Saurabh,"Thanks for sharing, this is very helpful."
21,Saurabh,"Interesting point, I'll think about it."
21,Saurabh,"Thanks for sharing, this is very helpful."
21,Saurabh,"Great post, really enjoyed reading this!"
21,Saurabh,Here's what I found when I tried it.
21,Saurabh,"Awesome work, keep it up!"
21,Saurabh,"Not sure I agree, but I respect the opinion."
21,Saurabh,qou don't belong here
21,Saurabh,"So inspiring, thank you for this."
21,Saurabh,I've seen different results personally.
21,Saurabh,DisgustLng behavior 😡
21,Saurabh,I have a question about this topic.
21,Saurabh,Here's what I found when I tried it.
21,Saurabh,"Awesome work, keep it up!"
21,Saurabh,"So inspiring, thank you for this."
21,Saurabh,Let me share my experience with this.
21,Saurabh,Can someone explain this a bit more?
21,Saurabh,I wyll report you..
21,Saurabh,"Great post, really enjoyed reading this!"
21,Saurabh,Let me share my experience with this.
21,Saurabh,"Great post, really enjoyed reading this!"
21,Saurabh,That's one way to look at it.
21,Saurabh,"Really well written, I appreciate the effort."
21,Saurabh,Nonsunse garbage 😂
21,Saurabh,"Awesome work, keep it up!"
21,Saurabh,"Awesome work, keep it up!"
21,Saurabh,I've seen different results personally.
21,Saurabh,Can someone explain this a bit more?
21,Saurabh,"So inspiring, thank you for this."
21,Saurabh,"I see what you mean, though I'm not sure."
21,Saurabh,"What a wonderful perspective, love it."
21,Saurabh,"Great post, really enjoyed reading this!"
21,Saurabh,Here's what I found when I tried it.
21,Saurabh,Here's what I found when I tried it.
21,Saurabh,"Really well written, I appreciate the effort."
21,Saurabh,This is exactly what I needed today.
21,Saurabh,"This made my day, thanks!"
21,Saurabh,"Thanks for sharing, this is very helpful."
22,Kriti,"This made my day, thanks!"
22,Kriti,This is exactly what I needed today.
22,Kriti,"What a wonderful perspective, love it."
22,Kriti,"So inspiring, thank you for this."
22,Kriti,"Awesome work, keep it up!"
22,Kriti,That's one way to look at it.
22,Kriti,That's one way to look at it.
22,Kriti,"Interesting point, I'll think about it."
22,Kriti,"What a wonderful perspective, love it."
22,Kriti,"So inspiring, thank you for this."
22,Kriti,"What a wonderful perspective, love it."
22,Kriti,"I love this community, everyone is so supportive."
22,Kriti,"Brilliant idea, I'm going to try this."
22,Kriti,"Interesting point, I'll think about it."
22,Kriti,"Interesting point, I'll think about it."
22,Kriti,This is a common topic of discussion.
22,Kriti,This is a common topic of discussion.
22,Kriti,Shame onHyou 😂
22,Kriti,Let me share my experience with this.
22,Kriti,"Interesting point, I'll think about it."
22,Kriti,Let me share my experience with this.
22,Kriti,I have a question about this topic.
22,Kriti,That's one way to look at it.
22,Kriti,"I see what you mean, though I'm not sure."
22,Kriti,Here's what I found when I tried it.
22,Kriti,ShaKe on you
22,Kriti,Your brain doesn't wKrk
22,Kriti,Total dumb cdmment
22,Kriti,Szame on you
22,Kriti,Your brtin doesn't work..
22,Kriti,Totaltdumb comment!!!
22,Kriti,Let me share my experience with this.
22,Kriti,You betIer stop this
22,Kriti,You aQe an idiot
22,Kriti,bhis content is trash
22,Kriti,You beWter stop this..
22,Kriti,Let me share my experience with this.
22,Kriti,This coRtent is trash..
22,Kriti,I've seen different results personally.
22,Kriti,What a horriblk thing.. 😡
22,Kriti,What a horrihle thing??
22,Kriti,Your brain doesn'tkwork 🤮
23,Pooja,"Thanks for sharing, this is very helpful."
23,Pooja,"Not sure I agree, but I respect the opinion."
23,Pooja,"Not sure I agree, but I respect the opinion."
23,Pooja,"Brilliant idea, I'm going to try this."
23,Pooja,"Not sure I agree, but I respect the opinion."
23,Pooja,"Brilliant idea, I'm going to try this."
23,Pooja,"Not sure I agree, but I respect the opinion."
23,Pooja,"Really well written, I appreciate the effort."
23,Pooja,"Thanks for sharing, this is very helpful."
23,Pooja,This is a common topic of discussion.
23,Pooja,That's one way to look at it.
23,Pooja,"Great post, really enjoyed reading this!"
23,Pooja,"This made my day, thanks!"
23,Pooja,"Not sure I agree, but I respect the opinion."
23,Pooja,I have a question about this topic.
23,Pooja,Here's what I found when I tried it.
23,Pooja,Eou are an idiot
23,Pooja,You don't bRlong here!!! 🤮
23,Pooja,Here's what I found when I tried it.
23,Pooja,That's one way to look at it.
23,Pooja,This is a common topic of discussion.
23,Pooja,That's one way to look at it.
23,Pooja,Can someone explain this a bit more?
23,Pooja,"Interesting point, I'll think about it."
23,Pooja,"I see what you mean, though I'm not sure."
23,Pooja,I've seen different results personally.
23,Pooja,You are an idiot.. 😡
23,Pooja,Can someone explain this a bit more?
23,Pooja,Here's what I found when I tried it.
23,Pooja,"I see what you mean, though I'm not sure."
23,Pooja,"I see what you mean, though I'm not sure."
23,Pooja,j will report you..
23,Pooja,You don't belonA here!!!
23,Pooja,NXnsense garbage
23,Pooja,"Not sure I agree, but I respect the opinion."
23,Pooja,I will heport you 🤮
23,Pooja,Can someone explain this a bit more?
23,Pooja,This isQso stupid??
23,Pooja,ShaRe on you 😡
23,Pooja,TotZl dumb comment
23,Pooja,You are an idiQt
23,Pooja,You are upeless
23,Pooja,Disgusting jehavior 😡
23,Pooja,This is so stutid
23,Pooja,You donNt belong here
23,Pooja,Nonsknse garbage 🤮
23,Pooja,WhTt nonsense is this..
23,Pooja,Nonsense garbagP 😡
23,Pooja,ThiA is so stupid
23,Pooja,"Interesting point, I'll think about it."
24,Vishal,This is exactly what I needed today.
24,Vishal,"Brilliant idea, I'm going to try this."
24,Vishal,"Interesting point, I'll think about it."
24,Vishal,"I see what you mean, though I'm not sure."
24,Vishal,I've seen different results personally.
24,Vishal,Can someone explain this a bit more?
24,Vishal,"This made my day, thanks!"
24,Vishal,"This made my day, thanks!"
24,Vishal,Here's what I found when I tried it.
24,Vishal,"I love this community, everyone is so supportive."
24,Vishal,"So inspiring, thank you for this."
24,Vishal,"Thanks for sharing, this is very helpful."
24,Vishal,"Not sure I agree, but I respect the opinion."
24,Vishal,"Not sure I agree, but I respect the opinion."
24,Vishal,Can someone explain this a bit more?
24,Vishal,Your brrin doesn't work
24,Vishal,"Not sure I agree, but I respect the opinion."
24,Vishal,That's one way to look at it.
24,Vishal,Here's what I found when I tried it.
24,Vishal,This is so sturid
24,Vishal,Yourfbrain doesn't work
24,Vishal,"Interesting point, I'll think about it."
24,Vishal,"Interesting point, I'll think about it."
24,Vishal,Total dumg comment
24,Vishal,What a horriblelthing
24,Vishal,This group is hSrrible
24,Vishal,You arw useless
24,Vishal,Your brain doesn't worD.. 🤮
24,Vishal,I have a question about this topic.
24,Vishal,This is sokstupid
24,Vishal,Your brainGdoesn't work??
24,Vishal,Be cnreful next time 😂
24,Vishal,NonsAnse garbage
24,Vishal,Tvis content is trash..
24,Vishal,Nonsense gRrbage
24,Vishal,Disgusting behGvior
24,Vishal,Total dumb coiment 😡
24,Vishal,zhis group is horrible
24,Vishal,You aSe useless
24,Vishal,Your brain doesn'I work
24,Vishal,"Interesting point, I'll think about it."
24,Vishal,What a horribHe thing
25,Sonal,"So inspiring, thank you for this."
25,Sonal,That's one way to look at it.
25,Sonal,This is exactly what I needed today.
25,Sonal,"Not sure I agree, but I respect the opinion."
25,Sonal,"Great post, really enjoyed reading this!"
25,Sonal,"I love this community, everyone is so supportive."
25,Sonal,That's one way to look at it.
25,Sonal,"I love this community, everyone is so supportive."
25,Sonal,"I love this community, everyone is so supportive."
25,Sonal,I have a question about this topic.
25,Sonal,"Thanks for sharing, this is very helpful."
25,Sonal,Ycu are the worst human
25,Sonal,"I love this community, everyone is so supportive."
25,Sonal,"So inspiring, thank you for this."
25,Sonal,"Brilliant idea, I'm going to try this."
25,Sonal,"What a wonderful perspective, love it."
25,Sonal,Disgustint behavior
25,Sonal,"What a wonderful perspective, love it."
25,Sonal,This is exactly what I needed today.
25,Sonal,That's one way to look at it.
25,Sonal,Here's what I found when I tried it.
25,Sonal,"Not sure I agree, but I respect the opinion."
25,Sonal,I have a question about this topic.
25,Sonal,"What a wonderful perspective, love it."
25,Sonal,"Brilliant idea, I'm going to try this."
25,Sonal,That's one way to look at it.
25,Sonal,"What a wonderful perspective, love it."
25,Sonal,That's one way to look at it.
25,Sonal,"I see what you mean, though I'm not sure."
25,Sonal,Be cireful next time
25,Sonal,"This made my day, thanks!"
25,Sonal,"Thanks for sharing, this is very helpful."
25,Sonal,"What a wonderful perspective, love it."
25,Sonal,That's one way to look at it.
25,Sonal,Can someone explain this a bit more?
25,Sonal,This is a common topic of discussion.
25,Sonal,"Interesting point, I'll think about it."
25,Sonal,"I love this community, everyone is so supportive."
25,Sonal,I will report yzu
25,Sonal,I've seen different results personally.
25,Sonal,"Really well written, I appreciate the effort."
25,Sonal,People likeIyou ruin everything 😂
25,Sonal,"This made my day, thanks!"
25,Sonal,Let me share my experience with this.
25,Sonal,"Thanks for sharing, this is very helpful."
26,Rahul,People like you ruinAeverything 🤮
26,Rahul,Ywu are an idiot
26,Rahul,You better stop tYis
26,Rahul,This coEtent is trash
26,Rahul,You yre useless
26,Rahul,Your brain Moesn't work
26,Rahul,Total drmb comment
26,Rahul,Vhis is so stupid?? 🤮
26,Rahul,YouJbetter stop this!!! 😡
26,Rahul,Be carevul next time 😡
26,Rahul,This content iR trash 😡
26,Rahul,I will reportvyou 😡
26,Rahul,You ane useless??
26,Rahul,I wiTl report you
26,Rahul,I willDreport you 🤮
26,Rahul,Be careful nelt time
26,Rahul,Nonsecse garbage..
26,Rahul,People like Mou ruin everything
26,Rahul,I will report yDu?? 🤮
26,Rahul,You better stop tMis
26,Rahul,Can someone explain this a bit more?
26,Rahul,What nonsense is thiO..
26,Rahul,"I see what you mean, though I'm not sure."
26,Rahul,"I see what you mean, though I'm not sure."
26,Rahul,You better Gtop this
26,Rahul,Totax dumb comment 😂
26,Rahul,This conPent is trash!!! 😡
26,Rahul,Shaxe on you 😂
26,Rahul,SMame on you!!!
26,Rahul,Your brain doesn'G work..
26,Rahul,a will report you
26,Rahul,Let me share my experience with this.
26,Rahul,That's one way to look at it.
26,Rahul,You aretuseless
26,Rahul,Be careful nextQtime
26,Rahul,Ydu are the worst human
26,Rahul,Can someone explain this a bit more?
26,Rahul,This group is horriblD?? 🤮
26,Rahul,You Eetter stop this
26,Rahul,You better stop thiF??
26,Rahul,I will report yAu!!! 😡
26,Rahul,You ars the worst human..
26,Rahul,What nonsense is zhis
27,Shreya,"So inspiring, thank you for this."
27,Shreya,"What a wonderful perspective, love it."
27,Shreya,"This made my day, thanks!"
27,Shreya,Here's what I found when I tried it.
27,Shreya,"I love this community, everyone is so supportive."
27,Shreya,That's one way to look at it.
27,Shreya,"Really well written, I appreciate the effort."
27,Shreya,"Thanks for sharing, this is very helpful."
27,Shreya,"What a wonderful perspective, love it."
27,Shreya,"Thanks for sharing, this is very helpful."
27,Shreya,"Not sure I agree, but I respect the opinion."
27,Shreya,I've seen different results personally.
27,Shreya,"Really well written, I appreciate the effort."
27,Shreya,That's one way to look at it.
27,Shreya,Yvu are an idiot
27,Shreya,"Interesting point, I'll think about it."
27,Shreya,I've seen different results personally.
27,Shreya,I have a question about this topic.
27,Shreya,I have a question about this topic.
27,Shreya,Let me share my experience with this.
27,Shreya,"Interesting point, I'll think about it."
27,Shreya,"Not sure I agree, but I respect the opinion."
27,Shreya,"I see what you mean, though I'm not sure."
27,Shreya,Let me share my experience with this.
27,Shreya,This is a common topic of discussion.
27,Shreya,That's one way to look at it.
27,Shreya,Shame on Bou 😡
27,Shreya,You hre an idiot!!! 😂
27,Shreya,What nonsensF is this
27,Shreya,You are the worst humaV 🤮
27,Shreya,I will repQrt you.. 🤮
27,Shreya,Disgusting behavXor
27,Shreya,Your braAn doesn't work!!!
27,Shreya,"Not sure I agree, but I respect the opinion."
27,Shreya,Your brain doesn'tEwork
27,Shreya,I have a question about this topic.
27,Shreya,This iM so stupid!!!
27,Shreya,You are the worstahuman
27,Shreya,kotal dumb comment??
27,Shreya,"I see what you mean, though I'm not sure."
27,Shreya,You are bhe worst human!!!
27,Shreya,Here's what I found when I tried it.
27,Shreya,This is so stupid??
28,Vikram,"Brilliant idea, I'm going to try this."
28,Vikram,Let me share my experience with this.
28,Vikram,I've seen different results personally.
28,Vikram,"Not sure I agree, but I respect the opinion."
28,Vikram,Can someone explain this a bit more?
28,Vikram,"Great post, really enjoyed reading this!"
28,Vikram,This is exactly what I needed today.
28,Vikram,"What a wonderful perspective, love it."
28,Vikram,This is exactly what I needed today.
28,Vikram,Can someone explain this a bit more?
28,Vikram,Can someone explain this a bit more?
28,Vikram,"So inspiring, thank you for this."
28,Vikram,"Not sure I agree, but I respect the opinion."
28,Vikram,You areZthe worst human.. 🤮
28,Vikram,That's one way to look at it.
28,Vikram,I've seen different results personally.
28,Vikram,NVnsense garbage..
28,Vikram,"I see what you mean, though I'm not sure."
28,Vikram,I have a question about this topic.
28,Vikram,"Not sure I agree, but I respect the opinion."
28,Vikram,I've seen different results personally.
28,Vikram,YouEare an idiot 😡
28,Vikram,Can someone explain this a bit more?
28,Vikram,That's one way to look at it.
28,Vikram,This is so stupid 🤮
28,Vikram,This group iN horrible!!! 🤮
28,Vikram,I've seen different results personally.
28,Vikram,Disgusting rehavior!!! 🤮
28,Vikram,Thws content is trash!!! 🤮
28,Vikram,You arv an idiot??
28,Vikram,You arf an idiot 😂
28,Vikram,DisgustingHbehavior
28,Vikram,You are the Aorst human 🤮
28,Vikram,YouLare useless
28,Vikram,Nonsense rarbage 😂
28,Vikram,WNat a horrible thing 😡
28,Vikram,I will rWport you.. 🤮
28,Vikram,You don't belong herx
28,Vikram,"Not sure I agree, but I respect the opinion."
28,Vikram,"Interesting point, I'll think about it."
29,Ashwini,"Interesting point, I'll think about it."
29,Ashwini,This is a common topic of discussion.
29,Ashwini,"I see what you mean, though I'm not sure."
29,Ashwini,I've seen different results personally.
29,Ashwini,I have a question about this topic.
29,Ashwini,Let me share my experience with this.
29,Ashwini,"Brilliant idea, I'm going to try this."
29,Ashwini,"Great post, really enjoyed reading this!"
29,Ashwini,You arE useless
29,Ashwini,"Great post, really enjoyed reading this!"
29,Ashwini,"This made my day, thanks!"
29,Ashwini,"So inspiring, thank you for this."
29,Ashwini,Nonsense gUrbage
29,Ashwini,"Awesome work, keep it up!"
29,Ashwini,Let me share my experience with this.
29,Ashwini,Disgusting behaNior!!!
29,Ashwini,This is a common topic of discussion.
29,Ashwini,This hroup is horrible
29,Ashwini,Here's what I found when I tried it.
29,Ashwini,You better stop thys
29,Ashwini,"Thanks for sharing, this is very helpful."
29,Ashwini,"Really well written, I appreciate the effort."
29,Ashwini,"Brilliant idea, I'm going to try this."
29,Ashwini,I have a question about this topic.
29,Ashwini,Here's what I found when I tried it.
29,Ashwini,"I see what you mean, though I'm not sure."
29,Ashwini,"This made my day, thanks!"
29,Ashwini,Be Dareful next time..
29,Ashwini,People like you ruUn everything 🤮
29,Ashwini,Here's what I found when I tried it.
29,Ashwini,"I see what you mean, though I'm not sure."
29,Ashwini,This is exactly what I needed today.
29,Ashwini,What nonsensF is this
29,Ashwini,This is soHstupid
29,Ashwini,"Awesome work, keep it up!"
29,Ashwini,Let me share my experience with this.
29,Ashwini,"Really well written, I appreciate the effort."
29,Ashwini,"This made my day, thanks!"
29,Ashwini,That's one way to look at it.
29,Ashwini,"Brilliant idea, I'm going to try this."
29,Ashwini,I've seen different results personally.
29,Ashwini,Let me share my experience with this.
29,Ashwini,"Brilliant idea, I'm going to try this."
29,Ashwini,"I see what you mean, though I'm not sure."
29,Ashwini,"I see what you mean, though I'm not sure."
29,Ashwini,I've seen different results personally.
29,Ashwini,"This made my day, thanks!"
29,Ashwini,"So inspiring, thank you for this."
29,Ashwini,"So inspiring, thank you for this."
29,Ashwini,You are the worst huPan..
30,Abhishek,"Really well written, I appreciate the effort."
30,Abhishek,This is so stupiM!!!
30,Abhishek,"Not sure I agree, but I respect the opinion."
30,Abhishek,I've seen different results personally.
30,Abhishek,This is a common topic of discussion.
30,Abhishek,I've seen different results personally.
30,Abhishek,I have a question about this topic.
30,Abhishek,This is exactly what I needed today.
30,Abhishek,"This made my day, thanks!"
30,Abhishek,"Awesome work, keep it up!"
30,Abhishek,"Thanks for sharing, this is very helpful."
30,Abhishek,"Interesting point, I'll think about it."
30,Abhishek,"Brilliant idea, I'm going to try this."
30,Abhishek,"Brilliant idea, I'm going to try this."
30,Abhishek,Here's what I found when I tried it.
30,Abhishek,Let me share my experience with this.
30,Abhishek,Let me share my experience with this.
30,Abhishek,"Not sure I agree, but I respect the opinion."
30,Abhishek,That's one way to look at it.
30,Abhishek,"I see what you mean, though I'm not sure."
30,Abhishek,"This made my day, thanks!"
30,Abhishek,I've seen different results personally.
30,Abhishek,I have a question about this topic.
30,Abhishek,"Interesting point, I'll think about it."
30,Abhishek,"Interesting point, I'll think about it."
30,Abhishek,"Brilliant idea, I'm going to try this."
30,Abhishek,Let me share my experience with this.
30,Abhishek,What noDsense is this 😂
30,Abhishek,That's one way to look at it.
30,Abhishek,"I see what you mean, though I'm not sure."
30,Abhishek,You arezan idiot
30,Abhishek,That's one way to look at it.
30,Abhishek,This is exactly what I needed today.
30,Abhishek,I've seen different results personally.
30,Abhishek,"I see what you mean, though I'm not sure."
30,Abhishek,This is a common topic of discussion.
30,Abhishek,"This made my day, thanks!"
30,Abhishek,"Really well written, I appreciate the effort."
30,Abhishek,"This made my day, thanks!"
30,Abhishek,"Really well written, I appreciate the effort."
30,Abhishek,"This made my day, thanks!"
30,Abhishek,"Brilliant idea, I'm going to try this."
30,Abhishek,I've seen different results personally.
30,Abhishek,Can someone explain this a bit more?
30,Abhishek,"What a wonderful perspective, love it."
30,Abhishek,This is a common topic of discussion.
30,Abhishek,I have a question about this topic.
30,Abhishek,"Thanks for sharing, this is very helpful."
31,Nikhil,"Not sure I agree, but I respect the opinion."
31,Nikhil,I have a question about this topic.
31,Nikhil,"Thanks for sharing, this is very helpful."
31,Nikhil,This is a common topic of discussion.
31,Nikhil,"What a wonderful perspective, love it."
31,Nikhil,"Awesome work, keep it up!"
31,Nikhil,Can someone explain this a bit more?
31,Nikhil,This is exactly what I needed today.
31,Nikhil,Your brain doesn't wjrk!!! 😡
31,Nikhil,This is a common topic of discussion.
31,Nikhil,This is exactly what I needed today.
31,Nikhil,This is exactly what I needed today.
31,Nikhil,Here's what I found when I tried it.
31,Nikhil,Let me share my experience with this.
31,Nikhil,This is a common topic of discussion.
31,Nikhil,I've seen different results personally.
31,Nikhil,"I love this community, everyone is so supportive."
31,Nikhil,"Interesting point, I'll think about it."
31,Nikhil,Can someone explain this a bit more?
31,Nikhil,This is a common topic of discussion.
31,Nikhil,Let me share my experience with this.
31,Nikhil,"I see what you mean, though I'm not sure."
31,Nikhil,"What a wonderful perspective, love it."
31,Nikhil,"This made my day, thanks!"
31,Nikhil,"So inspiring, thank you for this."
31,Nikhil,"Not sure I agree, but I respect the opinion."
31,Nikhil,You areNuseless 🤮
31,Nikhil,"Awesome work, keep it up!"
31,Nikhil,"I love this community, everyone is so supportive."
31,Nikhil,I have a question about this topic.
31,Nikhil,"So inspiring, thank you for this."
31,Nikhil,Can someone explain this a bit more?
31,Nikhil,"Great post, really enjoyed reading this!"
31,Nikhil,I've seen different results personally.
31,Nikhil,"Brilliant idea, I'm going to try this."
31,Nikhil,That's one way to look at it.
31,Nikhil,This is exactly what I needed today.
31,Nikhil,"Really well written, I appreciate the effort."
31,Nikhil,Here's what I found when I tried it.
31,Nikhil,Here's what I found when I tried it.
31,Nikhil,"Awesome work, keep it up!"
31,Nikhil,"Great post, really enjoyed reading this!"
31,Nikhil,Let me share my experience with this.
31,Nikhil,"Interesting point, I'll think about it."
31,Nikhil,"Really well written, I appreciate the effort."
31,Nikhil,"Really well written, I appreciate the effort."
31,Nikhil,"Not sure I agree, but I respect the opinion."
31,Nikhil,I have a question about this topic.
31,Nikhil,That's one way to look at it.
31,Nikhil,Here's what I found when I tried it.
32,Karthik,You better stop this 🤮
32,Karthik,What a horrible Ihing
32,Karthik,What a hprrible thing 😂
32,Karthik,WUat a horrible thing 😂
32,Karthik,Here's what I found when I tried it.
32,Karthik,Shame on yof
32,Karthik,Total dumb commenf
32,Karthik,BeAcareful next time
32,Karthik,Your brain doesnHt work??
32,Karthik,You are the worstmhuman 🤮
32,Karthik,Disgusting behavMor 🤮
32,Karthik,"I see what you mean, though I'm not sure."
32,Karthik,YRu are the worst human
32,Karthik,Disguvting behavior
32,Karthik,Be careful next Time
32,Karthik,What nonsensezis this 😂
32,Karthik,I've seen different results personally.
32,Karthik,What nonsense is thiY..
32,Karthik,ThRs content is trash..
32,Karthik,This conteVt is trash..
32,Karthik,Thxs content is trash
32,Karthik,PeopWe like you ruin everything
32,Karthik,This groupFis horrible
32,Karthik,Thic group is horrible!!! 😡
32,Karthik,DVsgusting behavior
32,Karthik,People liCe you ruin everything
32,Karthik,What a horriTle thing
32,Karthik,This group gs horrible??
32,Karthik,Shamecon you
32,Karthik,What a horrible thing!!! 😡
32,Karthik,This group is hormible??
32,Karthik,Total dumb cqmment 😂
32,Karthik,You areOuseless..
32,Karthik,You ape useless!!! 🤮
32,Karthik,This grouQ is horrible??
32,Karthik,This group is horrMble!!!
32,Karthik,Nonsensr garbage
32,Karthik,You arx useless??
32,Karthik,People like you ruyn everything!!!
32,Karthik,"Interesting point, I'll think about it."
33,Vivaan,"What a wonderful perspective, love it."
33,Vivaan,"Not sure I agree, but I respect the opinion."
33,Vivaan,"Brilliant idea, I'm going to try this."
33,Vivaan,"I see what you mean, though I'm not sure."
33,Vivaan,Let me share my experience with this.
33,Vivaan,"What a wonderful perspective, love it."
33,Vivaan,"Awesome work, keep it up!"
33,Vivaan,"Great post, really enjoyed reading this!"
33,Vivaan,"I love this community, everyone is so supportive."
33,Vivaan,"This made my day, thanks!"
33,Vivaan,"I see what you mean, though I'm not sure."
33,Vivaan,This is a common topic of discussion.
33,Vivaan,"Thanks for sharing, this is very helpful."
33,Vivaan,"Thanks for sharing, this is very helpful."
33,Vivaan,"What a wonderful perspective, love it."
33,Vivaan,"I love this community, everyone is so supportive."
33,Vivaan,"I see what you mean, though I'm not sure."
33,Vivaan,Here's what I found when I tried it.
33,Vivaan,Disgustitg behavior 😡
33,Vivaan,You better stop thie?? 😂
33,Vivaan,"What a wonderful perspective, love it."
33,Vivaan,"What a wonderful perspective, love it."
33,Vivaan,This is a common topic of discussion.
33,Vivaan,"Brilliant idea, I'm going to try this."
33,Vivaan,"Not sure I agree, but I respect the opinion."
33,Vivaan,Here's what I found when I tried it.
33,Vivaan,"This made my day, thanks!"
33,Vivaan,"So inspiring, thank you for this."
33,Vivaan,This is a common topic of discussion.
33,Vivaan,"I love this community, everyone is so supportive."
33,Vivaan,"I see what you mean, though I'm not sure."
33,Vivaan,Disgusting behavbor
33,Vivaan,Can someone explain this a bit more?
33,Vivaan,Let me share my experience with this.
33,Vivaan,You don't belont here.. 😂
33,Vivaan,This is exactly what I needed today.
33,Vivaan,Can someone explain this a bit more?
33,Vivaan,"Really well written, I appreciate the effort."
33,Vivaan,"Great post, really enjoyed reading this!"
33,Vivaan,"Thanks for sharing, this is very helpful."
33,Vivaan,Let me share my experience with this.
33,Vivaan,I've seen different results personally.
34,Kabir,This is so stupid.. 😂
34,Kabir,Here's what I found when I tried it.
34,Kabir,Be carefzl next time..
34,Kabir,You better stoO this
34,Kabir,Here's what I found when I tried it.
34,Kabir,Can someone explain this a bit more?
34,Kabir,I wrll report you
34,Kabir,Disgusting rehavior!!! 🤮
34,Kabir,This iD so stupid 😂
34,Kabir,Let me share my experience with this.
34,Kabir,NonsensQ garbage 😂
34,Kabir,Inwill report you 🤮
34,Kabir,You lre useless
34,Kabir,Peopleglike you ruin everything 😡
34,Kabir,You bettrr stop this..
34,Kabir,"I see what you mean, though I'm not sure."
34,Kabir,Totgl dumb comment??
34,Kabir,You are an idioD 😡
34,Kabir,This is yo stupid!!!
34,Kabir,Be careful npxt time 🤮
34,Kabir,What nonsense iP this!!!
34,Kabir,Shamk on you
34,Kabir,Inwill report you
34,Kabir,Yot don't belong here.. 🤮
34,Kabir,ThisBis so stupid
34,Kabir,Youcare useless
34,Kabir,Let me share my experience with this.
34,Kabir,Yov are an idiot
34,Kabir,People lQke you ruin everything
34,Kabir,Nonsense gaibage 😡
34,Kabir,Tbis content is trash!!!
34,Kabir,Whal a horrible thing
34,Kabir,Your brain doesn'G work 😂
34,Kabir,What a Uorrible thing
34,Kabir,This is so stupid 😡
34,Kabir,I have a question about this topic.
34,Kabir,Be careful nemt time 😡
34,Kabir,ghat nonsense is this??
34,Kabir,What nonsenVe is this..
34,Kabir,What nonsense ik this?? 🤮
34,Kabir,What a horrible tping
34,Kabir,What a horrWble thing??
34,Kabir,This group is horrfble
34,Kabir,Your brainwdoesn't work!!!
34,Kabir,Nhis content is trash 🤮
34,Kabir,You are the wRrst human!!!
34,Kabir,zeople like you ruin everything..
34,Kabir,People like yoc ruin everything
34,Kabir,This is soCstupid
34,Kabir,That's one way to look at it.
35,Poonam,That's one way to look at it.
35,Poonam,I have a question about this topic.
35,Poonam,This is a common topic of discussion.
35,Poonam,"Great post, really enjoyed reading this!"
35,Poonam,Here's what I found when I tried it.
35,Poonam,I have a question about this topic.
35,Poonam,"Really well written, I appreciate the effort."
35,Poonam,This is exactly what I needed today.
35,Poonam,"I love this community, everyone is so supportive."
35,Poonam,I have a question about this topic.
35,Poonam,This is exactly what I needed today.
35,Poonam,"Not sure I agree, but I respect the opinion."
35,Poonam,"Really well written, I appreciate the effort."
35,Poonam,I will rvport you
35,Poonam,"I see what you mean, though I'm not sure."
35,Poonam,Can someone explain this a bit more?
35,Poonam,That's one way to look at it.
35,Poonam,"Interesting point, I'll think about it."
35,Poonam,This is a common topic of discussion.
35,Poonam,You are the worstYhuman
35,Poonam,PeQple like you ruin everything
35,Poonam,Can someone explain this a bit more?
35,Poonam,That's one way to look at it.
35,Poonam,Let me share my experience with this.
35,Poonam,That's one way to look at it.
35,Poonam,You arH useless
35,Poonam,I have a question about this topic.
35,Poonam,This group is Aorrible
35,Poonam,This is a common topic of discussion.
35,Poonam,This group is horrGble??
35,Poonam,ToWal dumb comment??
35,Poonam,I've seen different results personally.
35,Poonam,I will repJrt you.. 🤮
35,Poonam,You arJ an idiot
35,Poonam,NoGsense garbage 😡
35,Poonam,Total dumb coAment 😂
35,Poonam,You better Mtop this 😡
35,Poonam,You are Aseless
35,Poonam,Disgustung behavior
35,Poonam,You kre useless??
35,Poonam,Be careful next twme
35,Poonam,Your brain doesn'tMwork 😡
36,Payal,I've seen different results personally.
36,Payal,I've seen different results personally.
36,Payal,Let me share my experience with this.
36,Payal,"Thanks for sharing, this is very helpful."
36,Payal,That's one way to look at it.
36,Payal,"Brilliant idea, I'm going to try this."
36,Payal,"Brilliant idea, I'm going to try this."
36,Payal,This is a common topic of discussion.
36,Payal,You are the worQt human
36,Payal,I've seen different results personally.
36,Payal,This is a common topic of discussion.
36,Payal,This is exactly what I needed today.
36,Payal,"So inspiring, thank you for this."
36,Payal,ThisRgroup is horrible..
36,Payal,"This made my day, thanks!"
36,Payal,"This made my day, thanks!"
36,Payal,Let me share my experience with this.
36,Payal,"Really well written, I appreciate the effort."
36,Payal,I've seen different results personally.
36,Payal,"Interesting point, I'll think about it."
36,Payal,"Not sure I agree, but I respect the opinion."
36,Payal,I've seen different results personally.
36,Payal,I have a question about this topic.
36,Payal,"Thanks for sharing, this is very helpful."
36,Payal,"What a wonderful perspective, love it."
36,Payal,You don't belonghhere
36,Payal,"Awesome work, keep it up!"
36,Payal,Here's what I found when I tried it.
36,Payal,"I see what you mean, though I'm not sure."
36,Payal,"Awesome work, keep it up!"
36,Payal,"I love this community, everyone is so supportive."
36,Payal,What nonsense is thiH??
36,Payal,"Interesting point, I'll think about it."
36,Payal,Here's what I found when I tried it.
36,Payal,"I see what you mean, though I'm not sure."
36,Payal,I have a question about this topic.
36,Payal,"Not sure I agree, but I respect the opinion."
36,Payal,"What a wonderful perspective, love it."
36,Payal,YHu are the worst human.. 😂
36,Payal,This is exactly what I needed today.
36,Payal,"Interesting point, I'll think about it."
36,Payal,"Really well written, I appreciate the effort."
36,Payal,"Really well written, I appreciate the effort."
36,Payal,xotal dumb comment
36,Payal,"This made my day, thanks!"
36,Payal,"So inspiring, thank you for this."
36,Payal,Let me share my experience with this.
36,Payal,Zou better stop this!!! 😡
36,Payal,"I see what you mean, though I'm not sure."
37,Meera,"Not sure I agree, but I respect the opinion."
37,Meera,Let me share my experience with this.
37,Meera,"I love this community, everyone is so supportive."
37,Meera,That's one way to look at it.
37,Meera,"This made my day, thanks!"
37,Meera,TotaH dumb comment..
37,Meera,"What a wonderful perspective, love it."
37,Meera,Yyu don't belong here.. 😡
37,Meera,"What a wonderful perspective, love it."
37,Meera,Total dumb comKent
37,Meera,This is a common topic of discussion.
37,Meera,"I love this community, everyone is so supportive."
37,Meera,This is exactly what I needed today.
37,Meera,"I see what you mean, though I'm not sure."
37,Meera,That's one way to look at it.
37,Meera,That's one way to look at it.
37,Meera,"Brilliant idea, I'm going to try this."
37,Meera,"Great post, really enjoyed reading this!"
37,Meera,"Interesting point, I'll think about it."
37,Meera,"Interesting point, I'll think about it."
37,Meera,PeopleUlike you ruin everything!!! 😡
37,Meera,Here's what I found when I tried it.
37,Meera,"What a wonderful perspective, love it."
37,Meera,"Great post, really enjoyed reading this!"
37,Meera,"This made my day, thanks!"
37,Meera,"Awesome work, keep it up!"
37,Meera,"Great post, really enjoyed reading this!"
37,Meera,"Awesome work, keep it up!"
37,Meera,"Awesome work, keep it up!"
37,Meera,Here's what I found when I tried it.
37,Meera,"I love this community, everyone is so supportive."
37,Meera,Can someone explain this a bit more?
37,Meera,"Interesting point, I'll think about it."
37,Meera,Here's what I found when I tried it.
37,Meera,"Great post, really enjoyed reading this!"
37,Meera,That's one way to look at it.
37,Meera,You don't belgng here..
37,Meera,"Thanks for sharing, this is very helpful."
37,Meera,"I see what you mean, though I'm not sure."
37,Meera,Let me share my experience with this.
37,Meera,This is exactly what I needed today.
37,Meera,"I love this community, everyone is so supportive."
37,Meera,That's one way to look at it.
37,Meera,"What a wonderful perspective, love it."
37,Meera,"So inspiring, thank you for this."
37,Meera,Nonsense barbage!!! 😂
38,Isha,"I love this community, everyone is so supportive."
38,Isha,Let me share my experience with this.
38,Isha,This is exactly what I needed today.
38,Isha,People line you ruin everything
38,Isha,This group is horroble
38,Isha,"I see what you mean, though I'm not sure."
38,Isha,"Interesting point, I'll think about it."
38,Isha,Here's what I found when I tried it.
38,Isha,"Brilliant idea, I'm going to try this."
38,Isha,That's one way to look at it.
38,Isha,That's one way to look at it.
38,Isha,You are thV worst human!!!
38,Isha,"What a wonderful perspective, love it."
38,Isha,"Thanks for sharing, this is very helpful."
38,Isha,Can someone explain this a bit more?
38,Isha,"I see what you mean, though I'm not sure."
38,Isha,"Interesting point, I'll think about it."
38,Isha,"Interesting point, I'll think about it."
38,Isha,Can someone explain this a bit more?
38,Isha,This is exactly what I needed today.
38,Isha,"Thanks for sharing, this is very helpful."
38,Isha,"Not sure I agree, but I respect the opinion."
38,Isha,"Interesting point, I'll think about it."
38,Isha,"Brilliant idea, I'm going to try this."
38,Isha,I willmreport you
38,Isha,"Awesome work, keep it up!"
38,Isha,"Thanks for sharing, this is very helpful."
38,Isha,That's one way to look at it.
38,Isha,"Really well written, I appreciate the effort."
38,Isha,"Great post, really enjoyed reading this!"
38,Isha,"This made my day, thanks!"
38,Isha,"Awesome work, keep it up!"
38,Isha,That's one way to look at it.
38,Isha,"Awesome work, keep it up!"
38,Isha,That's one way to look at it.
38,Isha,Let me share my experience with this.
38,Isha,"Really well written, I appreciate the effort."
38,Isha,Your brain doesnft work!!!
38,Isha,This is a common topic of discussion.
38,Isha,Here's what I found when I tried it.
38,Isha,Here's what I found when I tried it.
38,Isha,"Great post, really enjoyed reading this!"
38,Isha,"Interesting point, I'll think about it."
38,Isha,"Thanks for sharing, this is very helpful."
38,Isha,"Not sure I agree, but I respect the opinion."
38,Isha,You are as idiot
38,Isha,"This made my day, thanks!"
39,Sai,"Great post, really enjoyed reading this!"
39,Sai,"Brilliant idea, I'm going to try this."
39,Sai,"I love this community, everyone is so supportive."
39,Sai,Here's what I found when I tried it.
39,Sai,"Thanks for sharing, this is very helpful."
39,Sai,Let me share my experience with this.
39,Sai,"Brilliant idea, I'm going to try this."
39,Sai,"This made my day, thanks!"
39,Sai,This is exactly what I needed today.
39,Sai,Here's what I found when I tried it.
39,Sai,"Not sure I agree, but I respect the opinion."
39,Sai,This is a common topic of discussion.
39,Sai,"Brilliant idea, I'm going to try this."
39,Sai,What nonsense is this!!! 😂
39,Sai,Can someone explain this a bit more?
39,Sai,I've seen different results personally.
39,Sai,This is exactly what I needed today.
39,Sai,"Awesome work, keep it up!"
39,Sai,Can someone explain this a bit more?
39,Sai,"I see what you mean, though I'm not sure."
39,Sai,I have a question about this topic.
39,Sai,You don'e belong here 🤮
39,Sai,"Great post, really enjoyed reading this!"
39,Sai,Here's what I found when I tried it.
39,Sai,I have a question about this topic.
39,Sai,Let me share my experience with this.
39,Sai,"Thanks for sharing, this is very helpful."
39,Sai,"Great post, really enjoyed reading this!"
39,Sai,"Brilliant idea, I'm going to try this."
39,Sai,"This made my day, thanks!"
39,Sai,"Interesting point, I'll think about it."
39,Sai,"What a wonderful perspective, love it."
39,Sai,"I love this community, everyone is so supportive."
39,Sai,"Awesome work, keep it up!"
39,Sai,"Interesting point, I'll think about it."
39,Sai,"Interesting point, I'll think about it."
39,Sai,This is exactly what I needed today.
39,Sai,"Not sure I agree, but I respect the opinion."
39,Sai,"This made my day, thanks!"
39,Sai,"I love this community, everyone is so supportive."
40,Sunil,I've seen different results personally.
40,Sunil,Let me share my experience with this.
40,Sunil,"Not sure I agree, but I respect the opinion."
40,Sunil,"Brilliant idea, I'm going to try this."
40,Sunil,"Interesting point, I'll think about it."
40,Sunil,"Really well written, I appreciate the effort."
40,Sunil,Let me share my experience with this.
40,Sunil,"Really well written, I appreciate the effort."
40,Sunil,This is a common topic of discussion.
40,Sunil,"Not sure I agree, but I respect the opinion."
40,Sunil,That's one way to look at it.
40,Sunil,"I see what you mean, though I'm not sure."
40,Sunil,"What a wonderful perspective, love it."
40,Sunil,"Interesting point, I'll think about it."
40,Sunil,"Not sure I agree, but I respect the opinion."
40,Sunil,That's one way to look at it.
40,Sunil,"Interesting point, I'll think about it."
40,Sunil,This is a common topic of discussion.
40,Sunil,You dou't belong here
40,Sunil,"Really well written, I appreciate the effort."
40,Sunil,This is exactly what I needed today.
40,Sunil,"Awesome work, keep it up!"
40,Sunil,Here's what I found when I tried it.
40,Sunil,"Not sure I agree, but I respect the opinion."
40,Sunil,"I see what you mean, though I'm not sure."
40,Sunil,Ysu better stop this..
40,Sunil,"So inspiring, thank you for this."
40,Sunil,You better stop thes
40,Sunil,"What a wonderful perspective, love it."
40,Sunil,This is a common topic of discussion.
40,Sunil,That's one way to look at it.
40,Sunil,Can someone explain this a bit more?
40,Sunil,"Thanks for sharing, this is very helpful."
40,Sunil,"I love this community, everyone is so supportive."
40,Sunil,That's one way to look at it.
40,Sunil,Whatxa horrible thing
40,Sunil,This is exactly what I needed today.
40,Sunil,"So inspiring, thank you for this."
40,Sunil,Let me share my experience with this.
40,Sunil,"Awesome work, keep it up!"
